id;e_id;mtch_end_time;w_plyr_1;w_plyr_2;w_scr;l_plyr_1;l_plyr_2;l_scr;lst_mtn_usr;lst_mtn_dt
1;85988;2023-08-09T23:49:30;rich well-modulated e-enable;Incredible;generate Unbranded;Credit;orange virtual Dinar;Account navigating;mobile RSS;2023-08-10T06:59:23
2;49589;2023-08-10T14:22:44;exuding Jewelery invoice;protocol;台灣省 panel Tuvalu;Implementation;台灣省;Small Baby;COM;2023-08-10T11:33:27
3;50972;2023-08-10T05:10:15;Rubber Cotton;responsive niches;台灣省 Plastic online;capacitor Pizza;withdrawal;Designer;福建省 Pants Pataca;2023-08-09T21:41:22
4;85099;2023-08-10T07:45:26;lime Producer;1080p copying Niue;Open-architected;HTTP Specialist;Salad benchmark;Sleek invoice;primary white;2023-08-09T18:25:29
5;71650;2023-08-09T19:31:01;Assimilated Savings Dynamic;red Games;withdrawal primary Chair;Fresh;Jewelery;driver;Small;2023-08-10T11:13:24
6;37181;2023-08-10T00:21:51;Fantastic task-force world-class;Internal override;西路;Intelligent 福建省 Fresh;copying 北路 Handmade;pixel frictionless;drive;2023-08-10T01:26:46
7;30060;2023-08-09T17:09:51;firewall communities program;福建省 XSS global;Card navigate calculating;Metal;Home Chips;installation 福建省 drive;microchip Bermuda Product;2023-08-09T20:38:19
8;39106;2023-08-09T23:51:50;Borders quantify;SCSI hacking Account;Metal Balanced;Internal discrete 北路;Bedfordshire black out-of-the-box;Future;Generic Personal Account;2023-08-10T04:21:52
9;52708;2023-08-09T21:23:39;Greece;Associate Shoes;copy;platforms Avon;Product Coordinator plum;福建省;Directives China Home;2023-08-10T04:37:18
10;75716;2023-08-10T09:59:27;Small;Orchestrator navigating indexing;西路 haptic;Soft Account;福建省 Granite Burundi;grow Dynamic e-services;platforms;2023-08-09T20:20:28
