id;plyr_nm;plyr_lvl;lst_mtn_usr;lst_mtn_dt
1;福建省 Borders Bacon;engage;PNG;2023-08-10T17:19:56
2;Self-enabling Clothing;Electronics 北路;Burundi Rustic;2023-08-11T01:59:05
3;Soap;福建省 福建省 generation;quantifying cross-platform auxiliary;2023-08-10T05:30:51
4;silver 福建省;matrices Ergonomic;Ergonomic input generation;2023-08-10T10:39:34
5;Rubber Sausages indexing;copying;Corporate navigating out-of-the-box;2023-08-10T16:12:18
6;西路 maroon scale;parse port;backing;2023-08-10T14:42:42
7;北路;Bedfordshire Djibouti override;virtual;2023-08-10T22:40:29
8;Liaison;payment Cotton;Cayman Ergonomic Agent;2023-08-10T17:04:36
9;synthesize contingency transmit;街;SMTP auxiliary;2023-08-10T21:23:58
10;福建省 Bike Account;路 Table success;secondary Salad transmitter;2023-08-10T13:23:47
